Env,H2,r_max,entries,nrep
ARH1_2016,0.5397769214566295,0.7346951214324412,239,2.0251046025104604
ARH1_2018,0.19052339823364106,0.43648986040186666,53,2.1132075471698113
ARH2_2016,0.3299692499799707,0.5744294995732467,197,2.020304568527919
ARH2_2017,0.12025153669795693,0.3467730334065164,185,2.0108108108108107
ARH2_2018,0.6560112456213012,0.8099452114935314,63,2.0952380952380953
COH1_2017,0.7497827278317705,0.8658999525532788,220,4.154545454545454
DEH1_2015,0.7259258884866915,0.8520128452592082,59,2.0508474576271185
DEH1_2016,0.7422183728712357,0.8615209648471914,235,2.0340425531914894
DEH1_2017,0.8685334300065602,0.9319514096810844,176,2.0681818181818183
DEH1_2018,0.7268978446692218,0.8525830426821904,65,2.769230769230769
DEH1_2019,0.32673858644015014,0.5716105198823322,57,2.8596491228070176
DEH1_2020,0.6455922005742822,0.8034875235959064,220,2.709090909090909
DEH1_2021,0.7173080001844141,0.8469403758142683,228,2.530701754385965
GAH1_2014,0.5574153571675196,0.7466025429688272,231,2.0086580086580086
GAH1_2015,0.7352054031422224,0.8574411951511441,176,2.022727272727273
GAH1_2016,0.5703458671808385,0.7552124649268168,239,2.0418410041841004
GAH1_2017,0.6894164599556966,0.8303110621662803,138,2.036231884057971
GAH1_2018,0.7943137588645729,0.8912428170058779,58,2.1206896551724137
GAH1_2019,0.7148136686814768,0.8454665390667313,28,2.142857142857143
GAH1_2020,0.6483040379614137,0.8051732968506927,100,2.0
GAH1_2021,0.7462824233661199,0.8638763935691958,99,2.0
GAH2_2016,0.3732182155872479,0.6109158825789749,53,2.0377358490566038
GAH2_2017,0.4386815410671912,0.6623303866403769,87,2.0919540229885056
GAH2_2018,0.7447329425302334,0.8629791089767083,49,2.142857142857143
GAH2_2019,0.018023502393161226,0.1342516383257993,50,2.96
GAH2_2020,0.6888869155634717,0.8299921177718929,92,2.5869565217391304
GAH2_2021,0.6301685155562897,0.7938315410439987,60,2.5833333333333335
GEH1_2019,0.703978673534255,0.8390343696978421,223,2.1434977578475336
GEH1_2020,0.44456320335606636,0.6667557299011883,91,2.010989010989011
IAH1_2015,0.84624835957468,0.9199175830337629,79,2.088607594936709
IAH1_2016,0.6766880493458279,0.8226105088958127,342,2.134502923976608
IAH1_2017,0.8126523322249387,0.9014723136208559,278,2.172661870503597
IAH1_2018,0.6276785274667939,0.7922616534117967,237,2.080168776371308
IAH1_2019,0.7651954081139539,0.8747544844777613,90,2.0444444444444443
IAH1_2020,0.6204479721052196,0.7876851986074257,157,2.7961783439490446
IAH1_2021,0.6808583823057844,0.8251414316987025,155,2.6258064516129034
IAH1a_2014,0.46829956547146206,0.6843241669497447,356,2.182584269662921
IAH1b_2014,0.48239179782470654,0.6945443094754333,197,2.035532994923858
IAH1c_2014,0.5729769279574879,0.7569523947762421,84,2.6547619047619047
IAH2_2014,0.7533335826941262,0.867947914735744,232,2.0689655172413794
IAH2_2016,0.8497884050121659,0.9218396850928939,397,2.1032745591939546
IAH2_2017,0.6772055262400476,0.8229249821460323,335,2.1134328358208956
IAH2_2018,0.7070600308092405,0.8408686168535727,293,2.0716723549488054
IAH2_2019,0.8017009826150016,0.8953775642794505,351,2.011396011396011
IAH2_2021,0.6661153014769025,0.8161588702433507,213,2.6901408450704225
IAH3_2014,0.821652033053252,0.9064502374941782,226,2.0973451327433628
IAH3_2015,0.8890647949030719,0.9429023252188277,57,2.0701754385964914
IAH3_2016,0.25546671401788223,0.5054371514025084,387,2.1188630490956073
IAH3_2017,0.7461751665151991,0.8638143125204624,324,2.1481481481481484
IAH3_2018,0.7855018116883213,0.8862854008096497,375,2.3386666666666667
IAH3_2019,0.549415829150838,0.7412258961685284,332,2.0120481927710845
IAH3_2021,0.6951504748299575,0.8337568439478967,218,2.6788990825688073
IAH4_2014,0.7748217124209985,0.8802395767181788,228,2.043859649122807
IAH4_2015,0.66521756075374,0.8156087056632856,60,2.066666666666667
IAH4_2016,0.5560993664348963,0.7457207026996745,398,2.1055276381909547
IAH4_2017,0.7465045880726374,0.8640049699351489,348,2.1982758620689653
IAH4_2018,0.6368766502181405,0.7980455188885786,466,2.221030042918455
IAH4_2021,0.6676829345483192,0.8171186783743958,213,2.68075117370892
ILH1_2014,0.7013159761053637,0.8374461034032958,207,2.1449275362318843
ILH1_2015,0.6246045872203763,0.7903192944755786,59,2.0508474576271185
ILH1_2016,0.04916037527587881,0.22172139111028238,128,2.0390625
ILH1_2018,0.893595013497277,0.945301546331792,93,2.053763440860215
ILH1_2019,0.7481227358850816,0.8649408857749075,22,2.1818181818181817
ILH1_2021,0.7942898165956219,0.8912293849484665,119,2.092436974789916
INH1_2014,0.7460239067968106,0.863726754707072,206,2.174757281553398
INH1_2015,0.5890929728339164,0.7675239232974542,61,2.0655737704918034
INH1_2016,0.6935550025813876,0.832799497226906,244,2.0327868852459017
INH1_2017,0.6902265971898925,0.8307987705755784,176,2.0568181818181817
INH1_2018,0.6785172553865098,0.8237215885155067,75,2.12
INH1_2019,0.8538624270758651,0.9240467667146859,20,2.2
INH1_2020,0.5599368604762872,0.7482892892967847,108,2.5185185185185186
INH1_2021,0.831117778416677,0.9116566121170169,116,2.4913793103448274
KSH1_2015,0.23524983466059657,0.48502560206714507,55,2.0727272727272728
KSH1_2016,0.1726799636380733,0.41554778743012616,147,2.1564625850340136
MIH1_2016,0.6980289648316542,0.8354812773675148,232,2.0560344827586206
MIH1_2017,0.4957071220180332,0.7040647143679573,185,2.0486486486486486
MIH1_2018,0.6169452830651602,0.785458645038146,102,2.0588235294117645
MIH1_2019,0.6702456542856238,0.8186853206731044,23,2.1739130434782608
MIH1_2020,0.3957551839862951,0.6290907597368564,414,2.028985507246377
MIH1_2021,0.5838684836315592,0.7641128736198332,417,2.0191846522781773
MNH1_2014,0.659011337316836,0.8117951326023309,167,2.245508982035928
MNH1_2015,0.538376203597234,0.7337412374926422,81,2.0
MNH1_2016,0.8018570822864055,0.8954647297835943,181,2.0497237569060776
MNH1_2017,0.14733257762031907,0.38383926013413355,215,2.0651162790697675
MNH1_2018,0.8974889086545725,0.947358912268509,722,2.5609418282548475
MNH1_2019,0.4058093893071844,0.6370317019640266,381,2.3989501312335957
MNH1_2020,0.6408994400621995,0.8005619526696228,111,2.09009009009009
MNH1_2021,0.7625021081920481,0.8732136669750699,117,2.051282051282051
MOH1_1_2018,0.8099898108112761,0.899994339321796,39,2.6923076923076925
MOH1_1_2020,0.7293753463661996,0.8540347454092249,27,3.0
MOH1_2014,0.5863413017308092,0.7657292613782036,231,2.0303030303030303
MOH1_2015,0.09414172965964761,0.30682524286578444,61,2.0655737704918034
MOH1_2016,0.6407706600387797,0.8004815176122305,318,2.056603773584906
MOH1_2017,0.45202480150219826,0.6723278973106785,232,2.0948275862068964
MOH1_2_2018,0.7477407519296358,0.8647200425164412,36,2.75
MOH1_2_2020,0.7013237027295247,0.8374507165974154,43,3.604651162790698
MOH2_2014,0.6155580370801718,0.784575067842569,244,2.0163934426229506
MOH2_2015,0.3804840263799694,0.6168338725945337,60,2.066666666666667
NCH1_2014,0.7736954079010389,0.8795995724766121,243,2.0082304526748973
NCH1_2015,0.6680358300733847,0.8173345888149998,60,2.066666666666667
NCH1_2016,0.6868410486915018,0.8287587397376281,212,2.047169811320755
NCH1_2017,0.34944366312295067,0.591137600836684,149,2.0671140939597317
NCH1_2018,0.7308561363164581,0.8549012436044634,72,2.7777777777777777
NCH1_2020,0.2897375283972927,0.5382727267819657,138,2.2753623188405796
NCH1_2021,0.5340868692525829,0.7308124720149368,175,2.6228571428571428
NEH1_2015,0.45467006196442666,0.6742922674659904,61,2.0327868852459017
NEH1_2016,0.670743988894972,0.8189896146441492,241,2.033195020746888
NEH1_2020,0.6064612212090921,0.778756201393666,244,2.2131147540983607
NEH1_2021,0.7699083317042059,0.8774442043253838,242,2.1818181818181817
NEH2_2014,0.2999845367103944,0.5477084413357114,214,2.060747663551402
NEH2_2015,0.42171864718817975,0.6493986812337855,58,2.0689655172413794
NEH2_2018,0.8631898652903235,0.929080117799495,67,2.1641791044776117
NEH2_2020,0.42244480166754095,0.649957538357346,240,2.2083333333333335
NEH2_2021,0.09925844284427576,0.315053079407702,244,2.2008196721311477
NEH3_2014,0.05713454483952708,0.23902833480474042,176,2.1136363636363638
NEH3_2015,0.513461661654322,0.7165623920178354,57,2.0701754385964914
NEH3_2020,0.459476258843848,0.6778467812447353,246,2.1951219512195124
NEH3_2021,0.38370724720804833,0.6194410764617151,236,2.194915254237288
NEH4_2015,0.17892741071871687,0.4229981214127515,59,2.0508474576271185
NEH4_2016,0.6395789328289027,0.7997367897182814,213,2.1267605633802815
NEH4_2017,0.06602301951429053,0.25694944933642205,100,2.0
NYH1_2014,0.5186021113611953,0.7201403414343591,172,2.4186046511627906
NYH1_2016,0.6050685616787456,0.7778615311729624,159,2.050314465408805
NYH1_2017,0.5783592443872952,0.7604993388473755,200,2.05
NYH1_2018,0.4751995585209821,0.6893471973693532,103,2.029126213592233
NYH1_2019,0.3582887402555103,0.5985722514914221,197,2.416243654822335
NYH2_2014,0.7038835577251927,0.8389776860710854,200,2.305
NYH2_2015,0.5241079235546245,0.7239529843536971,99,2.0606060606060606
NYH2_2017,0.33902122313108873,0.5822552903418643,195,2.041025641025641
NYH2_2018,0.4488100790503246,0.6699328914528115,240,2.191666666666667
NYH2_2019,0.25414156108315916,0.5041245491772437,242,2.5661157024793386
NYH2_2020,0.19950235441726014,0.4466568642898709,88,2.0
NYH2_2021,0.3624785921387738,0.6020619504160463,97,2.0
NYH3_2015,0.59007588216563,0.7681639682812713,121,2.0578512396694215
NYH3_2017,0.3651459113094996,0.6042730436727255,138,2.0
NYH3_2018,0.4652085618396669,0.6820619926661117,254,2.074803149606299
NYH3_2019,0.28194011016707377,0.5309803293598302,188,2.021276595744681
NYH3_2020,0.2103769231030376,0.45866864194430995,91,2.076923076923077
NYH3_2021,0.6156683340288495,0.7846453555771865,107,2.074766355140187
NYS1_2021,0.7934469918514117,0.8907564155544498,22,2.0
OHH1_2015,0.8711630885265104,0.9333611779619454,60,2.066666666666667
OHH1_2016,0.8611739016120572,0.92799455904227,220,2.0454545454545454
OHH1_2017,0.2277282481921718,0.47720880984341835,189,2.052910052910053
OHH1_2018,0.8795860213171095,0.9378624746289349,107,2.0186915887850465
OHH1_2019,0.030701478879454874,0.1752183748339622,74,2.581081081081081
OHH1_2020,0.8142766038359867,0.9023727632392207,87,2.0689655172413794
ONH1_2014,0.7798103490592558,0.8830687114031703,135,2.9407407407407407
ONH1_2015,0.8694593174319055,0.9324480239841283,124,2.032258064516129
ONH1_2016,0.6065854200240232,0.7788359390937369,200,2.195
ONH1_2017,0.5196751883051778,0.7208850035235702,170,2.0470588235294116
ONH2_2014,0.8074369344856444,0.8985749465045442,230,2.0478260869565217
ONH2_2015,0.7099810172727449,0.84260371306608,128,2.03125
ONH2_2016,0.39793254636246345,0.630818948956405,214,2.0700934579439254
ONH2_2017,0.4839238407867688,0.6956463474976123,176,2.022727272727273
SCH1_2018,0.13006506210561172,0.3606453411672078,102,2.0784313725490198
SCH1_2019,0.35780639381869356,0.5981692016634537,23,2.1739130434782608
SCH1_2021,0.5569851232402627,0.7463143595297244,112,2.482142857142857
SDH1_2015,0.4804088497483834,0.6931153221134152,128,2.03125
TXH1-Dry_2017,0.8612955962131895,0.9280601253222711,139,2.028776978417266
TXH1-Dry_2018,0.20481550881098534,0.4525654746122215,90,2.066666666666667
TXH1-Early_2017,0.8725608328626528,0.9341096471307064,191,2.031413612565445
TXH1-Early_2018,0.354383410629313,0.5953011092122313,62,2.096774193548387
TXH1-Late_2017,0.6598472066372805,0.8123097972062632,141,2.028368794326241
TXH1-Late_2018,0.17916375688331096,0.4232773994478219,58,2.103448275862069
TXH1_2014,0.8163999485085102,0.9035485313520852,244,2.0081967213114753
TXH1_2015,0.7917327361515851,0.8897936480732963,156,2.0256410256410255
TXH1_2016,0.7302915214694187,0.8545709575391728,224,2.044642857142857
TXH1_2019,0.5685420596797203,0.7540172807566947,94,2.0425531914893615
TXH1_2020,0.4702862497267887,0.6857741973323207,248,2.2096774193548385
TXH1_2021,0.16383153369414194,0.4047610822375861,268,2.156716417910448
TXH2_2014,0.5311066200288729,0.7287706223695305,249,2.0080321285140563
TXH2_2015,0.4685912648391149,0.6845372632947858,171,2.0350877192982457
TXH2_2016,0.6503604555849686,0.8064492889109448,210,2.085714285714286
TXH2_2017,0.725109371089053,0.8515335407892357,139,2.1079136690647484
TXH2_2019,0.5766874276403909,0.7593993861206308,25,2.12
TXH2_2021,0.30584681971346717,0.5530341939821327,244,2.0081967213114753
TXH3_2019,0.8127758566009217,0.9015408235908797,27,2.1481481481481484
TXH3_2020,0.14549685378819444,0.38144049835877997,267,2.209737827715356
TXH3_2021,0.8068660410533169,0.8982572243257033,241,2.195020746887967
TXH4_2019,0.6090123954765543,0.7803924624677985,101,2.0396039603960396
WIH1_2014,0.8711633847637232,0.9333613366557044,197,2.472081218274112
WIH1_2015,0.876494609272153,0.9362129080888347,59,2.0508474576271185
WIH1_2016,0.7545358034522509,0.8686402036817378,318,2.0943396226415096
WIH1_2017,0.7551999322119554,0.8690224002935456,283,2.1201413427561837
WIH1_2018,0.7400611321681615,0.8602680583214523,238,2.6176470588235294
WIH1_2019,0.2599263766313989,0.5098297525953138,178,2.0224719101123596
WIH1_2020,0.5704975272988746,0.7553128671609366,92,2.0434782608695654
WIH1_2021,0.7520387261105472,0.8672016640381562,97,2.0
WIH2_2015,0.2090469808614484,0.4572165579475971,77,2.038961038961039
WIH2_2016,0.7325685379061826,0.8559021777669353,390,2.0923076923076924
WIH2_2017,0.7000050758254156,0.836663059914453,289,2.0899653979238755
WIH2_2019,0.49183851201695383,0.7013119933502876,331,2.132930513595166
WIH2_2020,0.5852412130822439,0.7650105967123879,228,2.6271929824561404
WIH2_2021,0.6521673301710066,0.8075687773626508,246,2.7195121951219514
WIH3_2020,0.5123459800901585,0.7157834729093419,106,2.490566037735849
WIH3_2021,0.6813626544632897,0.8254469422460111,109,2.458715596330275
