id,Team Name,Submitted At,pearson_r,spearman_r,lineRegressSlope,r2_score,r2_pearson,MAE,realative_MAE,normalized_MAE,RMSE,relative_RMSE,normalized_RMSE,mean_pearson_r,mean_spearman_r,mean_lineRegressSlope,mean_r2_score,mean_r2_pearson,mean_MAE,mean_realative_MAE,mean_normalized_MAE,mean_RMSE,mean_relative_RMSE,mean_normalized_RMSE
243555,CLAC,2023-01-06 16:07:53.026913+00:00,0.631368,0.6244549999999999,0.279722,0.3568799999999999,0.398625,1.926875,0.1908519999999999,0.107595,2.458042,0.243463,0.1372549999999999,0.356551,0.307265,0.0960566,-0.618755,0.141296,1.932595,0.21745,0.164323,2.328863,0.260496,0.197588
244970,igorkf,2023-01-16 03:38:56.236705+00:00,0.6003469999999999,0.548949,0.318952,0.353885,0.360416,1.941084,0.1922599999999999,0.108388,2.463759,0.244029,0.137574,,,1.97009e-31,-0.63573,,1.91648,0.210894,0.163915,2.345147,0.257658,0.200042
242120,CLAC,2022-12-26 18:44:01.338538+00:00,0.614723,0.610904,0.283084,0.351634,0.377884,1.937041,0.191859,0.108163,2.468046,0.244454,0.1378129999999999,0.265805,0.257942,0.08802561,-0.64702,0.081865,1.94523,0.219428,0.166079,2.35341,0.2639759999999999,0.200488
241708,igorkf,2022-12-24 01:46:22.249968+00:00,0.595404,0.5508939999999999,0.325124,0.3515949999999999,0.3545059999999999,1.946795,0.192825,0.108707,2.46812,0.244461,0.137818,,,6.717327999999999e-32,-0.637854,,1.921611,0.2114179999999999,0.1641229999999999,2.354965,0.258626,0.2006749999999999
243998,phenomaize,2023-01-10 09:02:39.565671+00:00,0.6166519999999999,0.6252039999999999,0.3007889999999999,0.35087,0.380259,1.968516,0.194977,0.10992,2.4695,0.244598,0.1378949999999999,0.238016,0.192279,0.07455234,-0.656911,0.084937,1.965563,0.218006,0.166946,2.374471,0.2630839999999999,0.201663
244926,UCD_MegaLMM,2023-01-15 21:17:37.838119+00:00,0.615581,0.6025089999999999,0.246348,0.332125,0.37894,1.956499,0.193786,0.109249,2.504903,0.2481039999999999,0.139872,0.338283,0.230641,0.06480868,-0.7507749999999999,0.1283469999999999,1.975586,0.2267069999999999,0.171573,2.387404,0.271451,0.206295
243055,CGM,2023-01-03 16:45:28.107700+00:00,0.587292,0.5917419999999999,0.323346,0.3398129999999999,0.344912,1.980015,0.196116,0.1105619999999999,2.490443,0.246672,0.1390639999999999,0.353229,0.279411,0.1108790999999999,-0.752894,0.139263,1.982768,0.223757,0.170934,2.390754,0.26851,0.205412
244302,Purdue,2023-01-11 16:16:32.575948+00:00,0.6311689999999999,0.616452,0.2839229999999999,0.341306,0.398374,1.999248,0.198021,0.111636,2.487626,0.246393,0.138907,0.160587,0.116232,0.02551777,-0.7132739999999999,0.052217,1.99517,0.220446,0.1701999999999999,2.4018,0.2650629999999999,0.204765
244935,UCD_MegaLMM,2023-01-15 22:47:55.697864+00:00,0.62819,0.605952,0.240588,0.320054,0.394623,1.959565,0.19409,0.10942,2.527437,0.250336,0.14113,0.337252,0.224465,0.05174155,-0.806846,0.1267419999999999,1.984425,0.2334529999999999,0.1751149999999999,2.403986,0.278579,0.210213
242556,CLAC,2022-12-30 04:39:23.073954+00:00,0.5858189999999999,0.580338,0.323508,0.3420509999999999,0.3431839999999999,1.983282,0.196439,0.110745,2.486218,0.246254,0.138828,0.266728,0.251707,0.07796136,-0.770847,0.083951,1.992503,0.2259819999999999,0.1728399999999999,2.410456,0.271706,0.208067
244994,igorkf,2023-01-16 05:50:33.018033+00:00,0.584072,0.5270949999999999,0.346895,0.325902,0.34114,1.985855,0.196694,0.110888,2.516544,0.249258,0.140522,,,6.500302999999999e-32,-0.7623039999999999,,1.964009,0.219745,0.169658,2.41387,0.2683749999999999,0.207422
243211,phenomaize,2023-01-04 17:10:09.720770+00:00,0.6010159999999999,0.5953199999999998,0.26679,0.3226689999999999,0.361221,2.009128,0.198999,0.112188,2.522572,0.2498549999999999,0.140858,,,-5.073944e-32,-0.709063,,2.001449,0.220642,0.1691189999999999,2.41948,0.266235,0.2043949999999999
244936,SmAL,2023-01-15 23:11:31.868414+00:00,0.585721,0.573003,0.2573759999999999,0.321432,0.343069,1.996478,0.197746,0.111482,2.524875,0.250083,0.140987,0.146038,0.117406,0.02919657,-0.778922,0.027375,2.008298,0.228073,0.172549,2.424722,0.273089,0.207755
242769,igorkf,2023-01-01 17:23:44.577095+00:00,0.589613,0.568621,0.3115009999999999,0.296856,0.347644,1.999299,0.198026,0.111639,2.57019,0.2545709999999999,0.143517,0.2251209999999999,0.1768629999999999,0.06608457,-0.841248,0.059483,1.994751,0.233081,0.17549,2.440773,0.2812549999999999,0.213033
241834,SmAL,2022-12-25 01:21:15.105260+00:00,0.560971,0.531996,0.254666,0.299236,0.314689,2.006262,0.198715,0.112028,2.565836,0.2541399999999999,0.143274,0.146038,0.117406,0.02923944,-0.791583,0.027375,2.015992,0.2290129999999999,0.172875,2.446402,0.275465,0.2089469999999999
243210,phenomaize,2023-01-04 16:58:39.298954+00:00,0.5948259999999999,0.5575729999999999,0.243869,0.3073779999999999,0.353818,2.029837,0.20105,0.113344,2.550887,0.252659,0.142439,,,-3.9893839999999997e-32,-0.776413,,2.030042,0.224825,0.172942,2.448376,0.270529,0.208395
243889,UCD_MegaLMM,2023-01-09 22:51:20.350372+00:00,0.5767769999999999,0.582814,0.2335599999999999,0.3011159999999999,0.332672,2.030992,0.201165,0.113409,2.562393,0.253799,0.1430819999999999,0.3146039999999999,0.240533,0.05666264,-0.825965,0.112918,2.041307,0.228994,0.174182,2.450259,0.273538,0.2087529999999999
240758,CLAC,2022-12-16 15:19:26.274369+00:00,0.563007,0.5311529999999999,0.236099,0.2868859999999999,0.316977,2.049299,0.2029779999999999,0.114431,2.588347,0.256369,0.1445309999999999,0.262909,0.261004,0.08123407,-0.845805,0.081055,2.054887,0.2301429999999999,0.1756919999999999,2.454468,0.273583,0.209545
244928,UCD_MegaLMM,2023-01-15 21:31:39.389274+00:00,0.577524,0.580647,0.229524,0.299557,0.333533,2.035684,0.20163,0.1136709999999999,2.56525,0.2540819999999999,0.143241,0.311912,0.249731,0.05379334,-0.8382209999999999,0.112455,2.048272,0.2298419999999999,0.1749449999999999,2.458645,0.274594,0.209698
244778,ML_APT,2023-01-14 15:08:17.405988+00:00,0.564305,0.5444229999999999,0.216542,0.280444,0.31844,2.059386,0.2039769999999999,0.114994,2.600012,0.257525,0.145182,0.190976,0.103669,0.02858782,-0.8649109999999999,0.041763,2.064568,0.23282,0.177452,2.471617,0.2770599999999999,0.211823
244783,ML_APT,2023-01-14 16:01:07.346615+00:00,0.56254,0.543321,0.216958,0.277451,0.316452,2.067385,0.204769,0.115441,2.605414,0.25806,0.145484,0.183169,0.107492,0.03008106,-0.8711069999999999,0.038773,2.071247,0.2327549999999999,0.1776929999999999,2.477122,0.2769369999999999,0.2119949999999999
244941,SmAL,2023-01-16 00:27:36.743136+00:00,0.577509,0.5816099999999998,0.326066,0.309974,0.333517,2.063091,0.204344,0.115201,2.546102,0.2521849999999999,0.1421719999999999,0.146038,0.117406,0.02709154,-0.862076,0.027375,2.068069,0.230321,0.177981,2.486184,0.276096,0.213515
244922,ML_APT,2023-01-15 20:45:14.126600+00:00,0.56281,0.5470979999999999,0.215653,0.272397,0.316755,2.078898,0.20591,0.116084,2.61451,0.258961,0.145992,0.181371,0.1465819999999999,0.02678432,-0.8812379999999999,0.03788,2.08104,0.2326439999999999,0.178037,2.486471,0.276799,0.2123269999999999
241940,CLAC,2022-12-25 14:29:20.508335+00:00,0.489754,0.476221,0.21478,0.2372199999999999,0.2398589999999999,2.103542,0.208351,0.1174599999999999,2.676966,0.265147,0.149479,0.26007,0.251794,0.08730424,-1.020897,0.077502,2.115819,0.2451889999999999,0.183981,2.52107,0.2888399999999999,0.217969
244910,MPB_Group,2023-01-15 18:54:07.008179+00:00,0.4937309999999999,0.491499,0.341166,0.200435,0.2437699999999999,2.122006,0.21018,0.118491,2.740754,0.271465,0.153041,0.255008,0.1764,0.08446889,-1.178771,0.085484,2.138831,0.244033,0.188673,2.543666,0.2881329999999999,0.222841
244753,AIBreeding,2023-01-14 09:45:41.554581+00:00,0.438877,0.431481,0.184403,0.1901819999999999,0.192613,2.145196,0.212476,0.119786,2.75827,0.2732,0.1540189999999999,0.219557,0.139721,0.04949032,-1.118123,0.06028,2.140704,0.2479639999999999,0.183543,2.544481,0.2914399999999999,0.2175429999999999
243070,SmAL,2023-01-03 22:04:54.713141+00:00,0.5230529999999999,0.468968,0.2536089999999999,0.262027,0.2735839999999999,2.084344,0.2064489999999999,0.116388,2.633077,0.2607999999999999,0.1470289999999999,0.2847069999999999,0.2209569999999999,0.09626372,-1.037473,0.092725,2.132509,0.243043,0.1876539999999999,2.556281,0.2888899999999999,0.223103
242596,AgroStat,2022-12-30 17:08:39.316705+00:00,0.5536929999999999,0.5818929999999999,0.213818,0.25468,0.306576,2.14687,0.212642,0.119879,2.64615,0.262095,0.147759,0.100074,0.06029,0.01976398,-1.034965,0.021582,2.153121,0.2426319999999999,0.188134,2.562161,0.287159,0.222829
244770,Purdue,2023-01-14 13:33:37.871854+00:00,0.581411,0.583786,0.214737,0.244017,0.3380389999999999,2.166725,0.2146089999999999,0.120988,2.665011,0.263963,0.148812,0.1386439999999999,0.087432,0.02132076,-0.961914,0.037274,2.159162,0.239573,0.18425,2.562426,0.283606,0.218497
244681,SmAL,2023-01-14 01:06:44.723937+00:00,0.472789,0.4714059999999999,0.222302,0.201713,0.223529,2.138769,0.21184,0.119427,2.738563,0.2712479999999999,0.152919,0.234384,0.169939,0.05884337,-1.092663,0.063361,2.146707,0.2528889999999999,0.186497,2.570207,0.298109,0.221886
244300,arulrich,2023-01-11 16:06:28.636566+00:00,0.510005,0.5178559999999999,0.170578,0.2088079999999999,0.2601049999999999,2.166086,0.2145459999999999,0.120952,2.726366,0.27004,0.152238,0.2047559999999999,0.1542699999999999,0.04155232,-1.034349,0.050768,2.177688,0.245501,0.18537,2.575039,0.2885119999999999,0.218895
244762,AIBreeding,2023-01-14 12:11:16.644835+00:00,0.4199899999999999,0.3983789999999999,0.191143,0.1712829999999999,0.1763909999999999,2.177943,0.21572,0.121614,2.790271,0.2763689999999999,0.155806,0.2214069999999999,0.1458919999999999,0.05554559,-1.172735,0.061437,2.173557,0.250477,0.1860719999999999,2.581561,0.294486,0.220494
241331,igorkf,2022-12-21 14:13:18.740146+00:00,0.473422,0.4260599999999999,0.219584,0.2051429999999999,0.2241279999999999,2.176425,0.21557,0.12153,2.732673,0.2706649999999999,0.15259,,,1.977176e-32,-1.096324,,2.175709,0.2441089999999999,0.187537,2.58169,0.2876059999999999,0.2214849999999999
244974,DataJanitors,2023-01-16 04:05:06.695951+00:00,0.643685,0.603914,0.1763379999999999,0.19369,0.414331,2.204715,0.218372,0.123109,2.75229,0.272608,0.1536849999999999,0.25641,0.210205,0.02220584,-1.002186,0.076219,2.192693,0.234822,0.182347,2.586901,0.278231,0.21617
242525,CropsAreCool,2022-12-29 18:40:15.765663+00:00,0.413273,0.387799,0.202483,0.162245,0.170794,2.199043,0.21781,0.122793,2.805444,0.277872,0.1566529999999999,0.160778,0.065327,0.05050011,-1.180298,0.038376,2.187899,0.257568,0.190644,2.616397,0.3042719999999999,0.2271209999999999
244695,AIBreeding,2023-01-14 02:37:59.747587+00:00,0.500834,0.460235,0.112677,0.1681719999999999,0.2508349999999999,2.220314,0.219917,0.12398,2.795503,0.276888,0.1560979999999999,0.2254819999999999,0.117829,0.02638029,-1.185891,0.062868,2.228154,0.2565669999999999,0.191471,2.619542,0.2988629999999999,0.224727
244700,AIBreeding,2023-01-14 03:13:04.149182+00:00,0.501162,0.460268,0.112307,0.167681,0.251164,2.221374,0.220022,0.12404,2.796328,0.276969,0.156144,0.2258449999999999,0.118051,0.02637005,-1.18699,0.063063,2.229224,0.256626,0.1915449999999999,2.620607,0.298924,0.224803
244824,DataJanitors,2023-01-15 04:28:56.726497+00:00,0.637262,0.5874089999999998,0.16857,0.155511,0.406102,2.263272,0.224172,0.1263789999999999,2.816697,0.2789869999999999,0.157282,0.2513739999999999,0.199129,0.02120671,-1.076003,0.070626,2.244579,0.237877,0.185306,2.638458,0.2812939999999999,0.219117
244958,DataJanitors,2023-01-16 02:34:55.125461+00:00,0.619291,0.5814869999999999,0.174578,0.159303,0.383521,2.259802,0.223828,0.1261849999999999,2.810366,0.27836,0.156928,0.1852169999999999,0.123721,0.02001771,-1.069926,0.039815,2.24401,0.237709,0.185111,2.638985,0.2812609999999999,0.219041
244523,AllModelsAreWrong,2023-01-12 22:26:33.731759+00:00,0.575376,0.5702329999999999,0.13741,0.192608,0.3310569999999999,2.233483,0.221221,0.1247159999999999,2.754135,0.2727899999999999,0.153788,0.271903,0.2067539999999999,0.02195194,-1.140112,0.083673,2.251184,0.2544469999999999,0.1945,2.646176,0.2973859999999999,0.2281179999999999
244960,DataJanitors,2023-01-16 02:39:25.905426+00:00,0.631742,0.579562,0.1676489999999999,0.149126,0.399098,2.272019,0.2250379999999999,0.126867,2.827326,0.28004,0.1578749999999999,0.2357529999999999,0.16571,0.02094379,-1.096404,0.063129,2.254438,0.238288,0.186089,2.65052,0.2819829999999999,0.220115
244521,agAdaptAR,2023-01-12 21:50:47.621315+00:00,0.3998189999999999,0.416061,0.124487,0.1368709999999999,0.159855,2.253985,0.223252,0.12586,2.847613,0.2820489999999999,0.159008,0.151461,0.096145,0.02816823,-1.369301,0.030986,2.292258,0.2650879999999999,0.201766,2.684737,0.3071829999999999,0.234957
244623,arulrich,2023-01-13 11:01:48.853532+00:00,0.428831,0.4276579999999999,0.118477,0.147949,0.183896,2.264251,0.224269,0.1264339999999999,2.829281,0.280233,0.157984,0.189149,0.141821,0.0334029,-1.259952,0.045117,2.286727,0.2586,0.195999,2.691163,0.302487,0.230252
244907,MPB_Group,2023-01-15 18:42:07.758941+00:00,0.4975229999999999,0.437693,0.3607489999999999,0.183037,0.247529,2.248769,0.2227349999999999,0.1255689999999999,2.770411,0.2744019999999999,0.154697,0.342424,0.277463,0.1112245,-1.382204,0.128001,2.287621,0.2616009999999999,0.203269,2.694385,0.3064339999999999,0.237911
244853,arulrich,2023-01-15 09:36:53.938697+00:00,0.389639,0.39795,0.122409,0.1381739999999999,0.151818,2.284662,0.2262899999999999,0.1275729999999999,2.845463,0.2818359999999999,0.158888,0.231405,0.176511,0.0414131,-1.340459,0.062653,2.305602,0.266324,0.201186,2.703547,0.309294,0.23483
243251,CropEnthusiast,2023-01-04 23:43:51.271905+00:00,0.4374109999999999,0.421155,0.1388359999999999,0.139046,0.191329,2.320682,0.229858,0.129585,2.844023,0.281694,0.158808,0.115776,0.025123,0.0277402,-1.211312,0.020717,2.303827,0.256639,0.196581,2.710234,0.3013009999999999,0.231388
244742,arulrich,2023-01-14 08:23:48.420699+00:00,0.3819469999999999,0.392079,0.112962,0.116111,0.145883,2.300167,0.227826,0.128439,2.881655,0.2854209999999999,0.160909,0.17357,0.128968,0.0317261,-1.324392,0.039887,2.318654,0.2595799999999999,0.19774,2.719773,0.303198,0.231684
243202,phenomaize,2023-01-04 15:39:47.629381+00:00,0.5029449999999999,0.505697,0.289625,0.154099,0.252954,2.31009,0.228809,0.128993,2.81905,0.27922,0.157413,,,-2.772271e-32,-1.252495,,2.307032,0.246037,0.195865,2.728135,0.2921429999999999,0.231377
244817,DeepCropVision,2023-01-15 03:01:11.601160+00:00,0.388332,0.398608,0.1546609999999999,0.1481929999999999,0.1508009999999999,2.274112,0.225245,0.126984,2.828875,0.280193,0.1579619999999999,-0.131056,-0.108159,0.0001335573,-1.476595,0.029956,2.317206,0.271633,0.206216,2.73886,0.31677,0.241517
241342,supermanwasd,2022-12-21 15:58:19.011562+00:00,0.4085639999999999,0.4179419999999999,0.083808,0.09541,0.1669249999999999,2.33838,0.231611,0.1305729999999999,2.915205,0.288744,0.162782,0.2426079999999999,0.190247,0.04391567,-1.373259,0.067694,2.356396,0.269256,0.20333,2.74647,0.3112039999999999,0.236262
244627,BioSense,2023-01-13 11:19:53.044281+00:00,0.409648,0.439124,0.217,0.109977,0.1678109999999999,2.351938,0.2329539999999999,0.13133,2.891637,0.28641,0.161466,0.1305129999999999,0.061861,0.03441485,-1.452524,0.032734,2.347243,0.2666799999999999,0.2044219999999999,2.747154,0.309971,0.2381419999999999
244673,DataJanitors,2023-01-13 21:43:25.412146+00:00,0.6205169999999999,0.585063,0.1568539999999999,0.073902,0.385042,2.387305,0.236457,0.133305,2.949658,0.292156,0.1647059999999999,0.2463819999999999,0.1812759999999999,0.01275335,-1.255793,0.069675,2.359752,0.245531,0.192995,2.754211,0.289211,0.226945
244796,MPB_Group,2023-01-14 19:09:24.365440+00:00,0.354781,0.4166159999999999,0.21787,0.046622,0.12587,2.31943,0.2297339999999999,0.1295149999999999,2.992787,0.296428,0.167115,0.2961179999999999,0.228353,0.1134533,-1.53689,0.1024159999999999,2.33632,0.2721379999999999,0.203602,2.756106,0.317139,0.2389209999999999
243776,CropEnthusiast,2023-01-09 03:17:05.324647+00:00,0.423617,0.417669,0.155861,0.1143779999999999,0.179452,2.358814,0.233635,0.131714,2.884479,0.2857009999999999,0.1610669999999999,0.113339,0.082387,0.03275636,-1.41566,0.02008,2.355169,0.259446,0.204328,2.756112,0.303342,0.2384729999999999
243732,supermanwasd,2023-01-08 16:43:42.086986+00:00,0.3082179999999999,0.334459,0.067201,0.08332,0.09499800000000001,2.34583,0.232349,0.1309889999999999,2.934621,0.290667,0.163867,0.242489,0.19125,0.05036217,-1.521137,0.066987,2.375851,0.2805199999999999,0.209064,2.75966,0.321533,0.241437
244815,Kernel of Truth,2023-01-15 02:56:08.381495+00:00,0.427354,0.444436,0.121782,0.098374,0.1826319999999999,2.372963,0.2350359999999999,0.132504,2.910424,0.28827,0.1625149999999999,-0.007847,-0.007348,-0.0007674533,-1.324564,0.003024,2.373964,0.265411,0.202103,2.767187,0.3079839999999999,0.235426
244929,AgroStat,2023-01-15 21:39:44.500096+00:00,0.4808319999999999,0.495396,0.088083,0.104771,0.2311989999999999,2.368689,0.2346129999999999,0.1322649999999999,2.900081,0.287246,0.161938,0.154731,0.104476,0.03099661,-1.361399,0.030705,2.378514,0.268577,0.205081,2.767817,0.310862,0.2382209999999999
243887,DeepCropVision,2023-01-09 22:00:10.803481+00:00,0.505595,0.441774,0.099299,0.094977,0.2556269999999999,2.375805,0.235318,0.132663,2.915902,0.2888129999999999,0.1628209999999999,-0.204962,-0.214844,-0.008196995,-1.324788,0.05568,2.373602,0.2610109999999999,0.2011409999999999,2.771619,0.304483,0.235108
244201,BioSense,2023-01-11 06:46:22.867245+00:00,0.4302759999999999,0.465816,0.225272,0.096354,0.185138,2.392734,0.236994,0.133608,2.913683,0.2885929999999999,0.162697,0.108408,0.040564,0.02636593,-1.535129,0.028992,2.371161,0.263282,0.205747,2.772784,0.307091,0.2396359999999999
244819,supermanwasd,2023-01-15 03:35:14.032081+00:00,0.3050959999999999,0.274892,0.08547,0.08126,0.09308300000000001,2.342909,0.2320589999999999,0.130826,2.937916,0.290993,0.164051,0.1601559999999999,0.1117549999999999,0.0354249,-1.461721,0.034649,2.375812,0.2719329999999999,0.205622,2.780085,0.315539,0.2398059999999999
243134,DeepCropVision,2023-01-04 09:09:29.892873+00:00,0.355877,0.3751709999999999,0.1426989999999999,0.027715,0.126649,2.390942,0.236817,0.1335079999999999,3.022316,0.2993529999999999,0.168763,0.15922,0.089636,0.03145692,-1.4389,0.033839,2.397042,0.26254,0.203358,2.790171,0.3050439999999999,0.2366369999999999
243554,AgroStat,2023-01-06 15:56:41.514962+00:00,0.360688,0.39599,0.120125,0.076861,0.1300959999999999,2.366008,0.234347,0.132116,2.944941,0.2916889999999999,0.164443,0.106907,0.087705,0.03442704,-1.466391,0.021483,2.378994,0.2684159999999999,0.204742,2.791641,0.31328,0.239935
244950,Kernel of Truth,2023-01-16 01:50:24.465260+00:00,0.3631519999999999,0.350314,0.139822,0.066319,0.131879,2.396485,0.2373659999999999,0.1338179999999999,2.961709,0.29335,0.165379,0.109005,0.100199,0.009434388,-1.467799,0.015239,2.413481,0.2676669999999999,0.206178,2.812544,0.3106599999999999,0.239758
244900,arulrich,2023-01-15 16:35:04.005524+00:00,0.3982049999999999,0.3932379999999999,0.241644,0.087313,0.158567,2.322111,0.229999,0.129665,2.928223,0.2900329999999999,0.1635089999999999,0.147657,0.080617,0.08172454,-1.540284,0.03292,2.358243,0.2737589999999999,0.208533,2.820986,0.3235649999999999,0.247422
244466,MPB_Group,2023-01-12 14:29:16.072463+00:00,0.3170379999999999,0.3468809999999999,0.175578,0.032281,0.100513,2.368889,0.234633,0.132277,3.015212,0.298649,0.1683669999999999,0.202185,0.160698,0.08669327,-1.599532,0.048754,2.391852,0.266575,0.20626,2.822556,0.313861,0.24259
243890,UCD_MegaLMM,2023-01-09 23:05:36.827597+00:00,0.3385469999999999,0.3321399999999999,0.175599,0.018207,0.1146139999999999,2.444034,0.242076,0.136473,3.037057,0.300813,0.1695869999999999,0.3318599999999999,0.3040419999999999,0.07521624,-1.511944,0.127869,2.441758,0.2635529999999999,0.2053369999999999,2.831097,0.305978,0.238745
244975,DeepCropVision,2023-01-16 04:07:14.781035+00:00,0.304095,0.228694,0.1102709999999999,0.086211,0.092474,2.376418,0.235378,0.132697,2.92999,0.290208,0.163608,,,5.501113999999998e-32,-1.566468,,2.428456,0.2745739999999999,0.213475,2.84063,0.319156,0.248174
244979,AllModelsAreWrong,2023-01-16 04:13:59.718476+00:00,0.5087359999999999,0.511707,0.124664,0.031337,0.258813,2.469386,0.244587,0.137888,3.016681,0.2987949999999999,0.1684489999999999,0.186749,0.133238,0.01739257,-1.453012,0.042303,2.455864,0.2596959999999999,0.204376,2.847767,0.3028899999999999,0.2379999999999999
244318,AgroStat,2023-01-11 20:41:24.154159+00:00,0.387987,0.380743,0.059268,0.036192,0.150534,2.456746,0.243335,0.137182,3.009113,0.298045,0.168026,0.126289,0.116649,0.02142999,-1.513627,0.023606,2.464067,0.276111,0.210925,2.858568,0.3189389999999999,0.244511
244946,G2P,2023-01-16 01:23:40.754635+00:00,0.4531419999999999,0.400502,0.186036,0.01626,0.2053379999999999,2.475355,0.245178,0.138222,3.040069,0.301111,0.1697549999999999,0.045167,0.061848,0.0007380778,-1.610094,0.004312,2.467675,0.256444,0.2084979999999999,2.860621,0.2994689999999999,0.2419459999999999
242555,supermanwasd,2022-12-30 04:38:58.814515+00:00,0.15311,0.1327379999999999,0.033752,0.006063,0.023443,2.421198,0.239814,0.135198,3.055783,0.3026679999999999,0.170632,0.2416389999999999,0.160025,0.05227242,-1.818123,0.07121,2.472232,0.301286,0.2221269999999999,2.867275,0.343154,0.255251
244980,cropmodel,2023-01-16 04:14:23.054144+00:00,0.273899,0.2551649999999999,0.093627,-0.003168,0.075021,2.462272,0.2438819999999999,0.137491,3.06994,0.30407,0.1714229999999999,0.014606,0.012134,0.007921723,-1.604738,0.008862,2.479202,0.2749719999999999,0.2098849999999999,2.881458,0.318415,0.243813
244972,AllModelsAreWrong,2023-01-16 03:53:29.276169+00:00,0.4573729999999999,0.4740579999999999,0.08558,0.006619,0.2091899999999999,2.519732,0.2495729999999999,0.1406999999999999,3.054929,0.3025829999999999,0.1705849999999999,0.1323469999999999,0.063852,0.01302594,-1.509969,0.022491,2.506898,0.2737769999999999,0.211203,2.891773,0.3155189999999999,0.24385
244633,BioSense,2023-01-13 12:31:35.252508+00:00,0.23654,0.237632,0.118717,-0.032808,0.055951,2.478163,0.245456,0.138378,3.114964,0.30853,0.173937,0.1259309999999999,0.05154,0.03241718,-1.812435,0.027282,2.505445,0.297918,0.221114,2.892782,0.338751,0.253438
243218,agAdaptAR,2023-01-04 19:43:33.866995+00:00,0.225578,0.3018839999999999,0.076314,-0.034342,0.050886,2.527825,0.250375,0.141151,3.117275,0.3087579999999999,0.174066,0.132695,0.082407,0.03603479,-1.82732,0.021791,2.536667,0.2865949999999999,0.218982,2.925283,0.3284799999999999,0.251971
244676,cropmodel,2023-01-13 23:29:03.355044+00:00,0.223944,0.230831,0.070532,-0.031787,0.050151,2.507616,0.248373,0.140023,3.113424,0.308377,0.173851,0.002043,0.003459,0.003878603,-1.682956,0.008093,2.523257,0.2794909999999999,0.213833,2.926602,0.3231,0.247971
244722,AllModelsAreWrong,2023-01-14 06:22:45.679308+00:00,0.4393989999999999,0.4537169999999999,0.081979,-0.01632,0.1930719999999999,2.555893,0.253155,0.142719,3.089999,0.306057,0.172543,0.128224,0.06256,0.01211037,-1.5668,0.021106,2.542095,0.2762129999999999,0.213916,2.92696,0.318019,0.246595
244906,Kernel of Truth,2023-01-15 18:36:20.024288+00:00,0.08683,0.099803,0.011724,-0.013769,0.00754,2.459628,0.24362,0.1373429999999999,3.086119,0.3056729999999999,0.172326,0.14222,0.125865,0.02747775,-2.059711,0.025881,2.535184,0.310475,0.2317569999999999,2.929416,0.3519579999999999,0.264651
242776,BioSense,2023-01-01 20:18:41.512889+00:00,0.045914,-0.2349799999999999,0.002857,-0.006709,0.002108,2.506489,0.248262,0.13996,3.075354,0.3046059999999999,0.1717249999999999,0.1928999999999999,0.041629,0.02034474,-1.811894,0.04279,2.547507,0.2981369999999999,0.2253209999999999,2.932633,0.339245,0.257805
244655,cropmodel,2023-01-13 17:13:32.010615+00:00,0.218401,0.223827,0.085796,-0.043468,0.047699,2.503462,0.2479619999999999,0.139791,3.130998,0.310118,0.1748319999999999,-0.043092,-0.037131,-0.008919369,-1.878279,0.010687,2.536548,0.283729,0.220086,2.937155,0.326894,0.253832
243566,BioSense,2023-01-06 19:20:27.001086+00:00,0.3045109999999999,0.336339,0.175354,-0.035272,0.092727,2.552734,0.252842,0.142542,3.118677,0.3088969999999999,0.1741439999999999,0.111244,0.056885,0.03502157,-1.909948,0.02396,2.523543,0.286424,0.2199299999999999,2.941084,0.3317519999999999,0.2552619999999999
243742,agAdaptAR,2023-01-08 21:24:13.176626+00:00,0.274283,0.264573,0.105783,-0.019189,0.075231,2.523548,0.249951,0.140913,3.094358,0.306489,0.172786,0.1295169999999999,0.079979,0.04182589,-1.684394,0.024951,2.529337,0.275781,0.2136619999999999,2.944814,0.3211479999999999,0.2492389999999999
244986,AIMaize,2023-01-16 04:59:47.096905+00:00,0.147033,0.056421,0.032794,-0.083483,0.021619,2.604402,0.25796,0.145427,3.190467,0.316008,0.178153,0.011899,0.021712,-0.0007737796,-1.719235,0.009237,2.574978,0.2774539999999999,0.214277,2.976317,0.321606,0.248836
244077,CropEnthusiast,2023-01-10 17:13:45.600215+00:00,0.454732,0.4094349999999999,0.1228699999999999,-0.074829,0.2067809999999999,2.503338,0.247949,0.1397839999999999,3.1777,0.3147429999999999,0.1774399999999999,0.252732,0.085153,0.06830133,-2.354653,0.075763,2.579515,0.322629,0.241871,3.001295,0.366655,0.276455
244724,AgroStat,2023-01-14 06:51:48.940031+00:00,0.286119,0.315139,0.075832,-0.094878,0.081864,2.627985,0.260295,0.146744,3.2072,0.3176649999999999,0.179087,0.152006,0.096984,0.04742656,-1.762634,0.029637,2.611187,0.280685,0.218748,3.008485,0.324045,0.2526499999999999
244990,agAdaptAR,2023-01-16 05:16:31.805822+00:00,0.245194,0.240986,0.080202,-0.074475,0.06012,2.614481,0.258958,0.14599,3.177177,0.314692,0.177411,0.1825819999999999,0.114021,0.04031543,-1.767721,0.043276,2.61435,0.281804,0.218679,3.011698,0.325626,0.252854
244102,G2P,2023-01-10 19:52:17.380671+00:00,0.3245089999999999,0.2977759999999999,0.148203,-0.116028,0.105306,2.617761,0.2592829999999999,0.146173,3.238029,0.3207189999999999,0.180809,-0.063876,-0.068701,-0.004360871,-1.905909,0.008024,2.610422,0.2684199999999999,0.218756,3.016305,0.313068,0.253363
244588,AIBreeding,2023-01-13 06:50:54.301550+00:00,0.04467,-0.001944,0.016913,-0.109546,0.001995,2.590671,0.2565999999999999,0.144661,3.228612,0.319786,0.180283,0.185971,0.111046,0.0438052,-2.188153,0.050821,2.630697,0.307827,0.2340009999999999,3.025917,0.3503939999999999,0.2675449999999999
244816,G2P,2023-01-15 02:59:00.330936+00:00,0.5174579999999999,0.4165949999999999,0.4295459999999999,-0.048047,0.2677629999999999,2.579302,0.2554739999999999,0.1440259999999999,3.13786,0.3107969999999999,0.175215,-0.000662,-0.105267,0.0006006311,-2.135921,0.004808,2.640631,0.2961759999999999,0.232053,3.027819,0.337656,0.2644779999999999
244953,Kernel of Truth,2023-01-16 02:12:44.488335+00:00,-0.067598,-0.021395,-0.013741,-0.088104,0.00457,2.566302,0.254186,0.1433,3.197263,0.3166809999999999,0.178532,0.130441,0.124442,0.02578605,-2.294052,0.022174,2.639502,0.317836,0.2406939999999999,3.03455,0.3595439999999999,0.273646
244937,AllModelsAreWrong,2023-01-15 23:32:01.181307+00:00,0.2631749999999999,0.2611879999999999,0.03068,-0.089699,0.069261,2.655475,0.2630179999999999,0.1482789999999999,3.199606,0.316913,0.1786629999999999,0.208407,0.187912,0.01803366,-1.791206,0.049793,2.651632,0.288684,0.224035,3.037759,0.3307669999999999,0.2569779999999999
243568,EnBiSys,2023-01-06 20:10:49.633185+00:00,0.206712,0.234627,0.084751,-0.2454679999999999,0.04273,2.579979,0.255541,0.144064,3.420657,0.338808,0.191006,0.21819,0.079899,0.04342724,-2.599927,0.054942,2.627562,0.33961,0.2448539999999999,3.061268,0.384099,0.2801739999999999
243683,cropmodel,2023-01-08 03:26:03.078480+00:00,0.08318,0.087383,0.032104,-0.133523,0.006919,2.617941,0.259301,0.146183,3.26331,0.3232229999999999,0.1822199999999999,-0.008704,-0.015102,-0.0003662648,-2.205053,0.004343,2.66052,0.297957,0.23343,3.061394,0.341052,0.26698
244634,Genetwister,2023-01-13 13:26:43.853992+00:00,0.180101,0.178754,0.080522,-0.1657329999999999,0.032436,2.713859,0.268801,0.151539,3.30935,0.3277829999999999,0.184791,0.0875,0.021989,0.003057235,-2.444865,0.012261,2.700662,0.2996269999999999,0.2339529999999999,3.083134,0.34093,0.266143
244944,Kernel of Truth,2023-01-16 01:03:44.635859+00:00,0.4981249999999999,0.517916,0.100671,-0.1590429999999999,0.2481289999999999,2.759533,0.2733249999999999,0.15409,3.299841,0.3268409999999999,0.18426,0.097863,0.102996,0.006813318,-1.902448,0.012139,2.718886,0.280451,0.224826,3.105018,0.3230819999999999,0.2578309999999999
244674,G2P,2023-01-13 21:50:15.761536+00:00,0.296762,0.294078,0.1783609999999999,-0.147677,0.088068,2.738089,0.271201,0.152892,3.28362,0.325235,0.1833539999999999,0.093104,0.01417,0.01517559,-2.210355,0.017976,2.717794,0.298953,0.235022,3.113528,0.3418019999999999,0.26845
244597,Genetwister,2023-01-13 08:41:55.457573+00:00,0.201279,0.182043,0.097237,-0.2324779999999999,0.040513,2.774884,0.274845,0.154947,3.402771,0.337036,0.190008,0.030042,-0.006968,0.001204336,-2.566793,0.00458,2.756084,0.2970829999999999,0.235738,3.137612,0.3384159999999999,0.2678619999999999
244598,Genetwister,2023-01-13 08:42:20.343496+00:00,0.201279,0.182043,0.097237,-0.2324779999999999,0.040513,2.774884,0.274845,0.154947,3.402771,0.337036,0.190008,0.030042,-0.006968,0.001204336,-2.566793,0.00458,2.756084,0.2970829999999999,0.235738,3.137612,0.3384159999999999,0.2678619999999999
244931,EnBiSys,2023-01-15 21:43:32.933750+00:00,0.01609,0.02174,0.008396,-0.2604739999999999,0.000259,2.668679,0.264326,0.149017,3.441202,0.340843,0.1921539999999999,0.1393379999999999,0.056614,0.02915899,-2.541347,0.025789,2.724138,0.3303209999999999,0.2435279999999999,3.13763,0.37351,0.2775679999999999
244915,MPB_Group,2023-01-15 19:12:39.810932+00:00,0.2892779999999999,0.262718,0.201608,-0.2122749999999999,0.083682,2.729965,0.270396,0.1524389999999999,3.374766,0.334262,0.188444,0.268718,0.1892909999999999,0.09329795,-2.210523,0.090962,2.731466,0.291906,0.2318939999999999,3.141331,0.337641,0.266824
244934,gartybois,2023-01-15 22:09:49.309281+00:00,0.4257199999999999,0.4302309999999999,0.097873,-0.215169,0.181237,2.832481,0.28055,0.158163,3.378792,0.3346609999999999,0.188669,0.2049479999999999,0.1527419999999999,0.03006497,-2.018297,0.048103,2.789438,0.2859189999999999,0.229165,3.173716,0.3284489999999999,0.262048
244987,agAdaptAR,2023-01-16 05:08:31.753010+00:00,0.217364,0.2204589999999999,0.038205,-0.263181,0.047247,2.886526,0.285903,0.1611809999999999,3.444895,0.341208,0.19236,0.1643979999999999,0.089348,0.03423675,-2.128885,0.034451,2.833985,0.295331,0.2333369999999999,3.219871,0.3379889999999999,0.266457
244938,G2P,2023-01-15 23:41:23.142973+00:00,0.232466,0.275251,0.121688,-0.220226,0.054041,2.817346,0.2790509999999999,0.157318,3.385816,0.335357,0.189061,0.054442,-0.024505,0.007103732,-2.542155,0.005983,2.826903,0.3034049999999999,0.243849,3.222472,0.3469579999999999,0.2775139999999999
244654,ML_APT,2023-01-13 17:12:45.291802+00:00,-0.007483,-0.08413,-0.003753,-0.2642479999999999,5.6e-05,2.792924,0.2766319999999999,0.155954,3.44635,0.341353,0.192441,0.051518,0.040373,0.002351819,-2.609107,0.005577,2.832925,0.3230219999999999,0.253697,3.231161,0.366004,0.287414
244650,ML_APT,2023-01-13 16:45:43.430939+00:00,-0.00519,-0.073081,-0.002611,-0.274488,2.7e-05,2.806727,0.277999,0.156725,3.460279,0.3427319999999999,0.193219,0.076283,0.073842,0.005803574,-2.566521,0.009895,2.838263,0.320274,0.2521419999999999,3.232487,0.362953,0.2855869999999999
243149,DeepCropVision,2023-01-04 10:33:08.470318+00:00,0.223915,0.202304,0.1846589999999999,-0.3807769999999999,0.050138,2.785176,0.275865,0.1555219999999999,3.601678,0.356737,0.2011139999999999,0.281015,0.2173809999999999,0.1000946,-2.841206,0.090268,2.845194,0.301095,0.242504,3.238796,0.3439999999999999,0.275723
244919,gartybois,2023-01-15 20:18:14.045202+00:00,0.354764,0.36818,0.065336,-0.26626,0.125858,2.895132,0.286756,0.161662,3.44909,0.3416239999999999,0.1925939999999999,0.052959,-0.004251,0.007116776,-2.134253,0.005107,2.850344,0.292864,0.233626,3.239307,0.3357919999999999,0.266873
244868,gartybois,2023-01-15 11:09:19.414503+00:00,0.339258,0.3786849999999999,0.067747,-0.2884829999999999,0.115096,2.920804,0.289298,0.1630949999999999,3.479224,0.344609,0.194277,0.061065,-0.001772,0.008399557,-2.19502,0.005643,2.871817,0.293416,0.235188,3.261022,0.3364989999999999,0.268527
244969,Niche Squad,2023-01-16 03:31:06.397012+00:00,0.093731,-0.014507,0.044929,-0.2619369999999999,0.008785,2.828676,0.280173,0.157951,3.443197,0.34104,0.1922649999999999,0.094547,0.069505,0.02077637,-2.543135,0.017914,2.874711,0.320324,0.24951,3.268481,0.3631989999999999,0.2828539999999999
244978,Niche Squad,2023-01-16 04:09:06.943101+00:00,0.09346,-0.014486,0.044819,-0.2640759999999999,0.008735,2.83322,0.280623,0.158204,3.446115,0.3413289999999999,0.1924279999999999,0.095432,0.069862,0.02097666,-2.548938,0.018103,2.878549,0.3206879999999999,0.2498539999999999,3.272139,0.3635439999999999,0.283179
243946,uwaBioinfo,2023-01-10 03:20:37.728301+00:00,0.124665,0.07583,0.070565,-0.386998,0.015541,2.917339,0.288955,0.1629019999999999,3.609783,0.35754,0.201567,0.068006,0.004916,0.01026827,-2.406764,0.00981,2.886208,0.3074779999999999,0.23948,3.276596,0.350283,0.272959
242522,CropsAreCool,2022-12-29 17:41:21.705871+00:00,0.153738,0.134079,0.095653,-0.342725,0.023635,2.785388,0.275886,0.155534,3.551704,0.3517879999999999,0.198324,0.131078,0.046488,0.06573235,-3.022437,0.032566,2.852806,0.354686,0.2631069999999999,3.285907,0.400237,0.299404
244985,Niche Squad,2023-01-16 04:51:58.535522+00:00,0.132082,0.112957,0.078683,-0.357538,0.017446,2.886328,0.285884,0.16117,3.571241,0.353723,0.199415,0.116815,0.078007,0.02422897,-2.786807,0.024089,2.910607,0.3218449999999999,0.2518719999999999,3.301036,0.3643089999999999,0.285009
244133,CropEnthusiast,2023-01-10 23:54:28.415614+00:00,0.575277,0.575544,0.306085,-0.3626789999999999,0.3309429999999999,2.853592,0.2826409999999999,0.159342,3.577997,0.3543919999999999,0.199792,0.2792709999999999,0.16458,0.1054593999999999,-2.870007,0.090767,2.914133,0.355186,0.2635219999999999,3.366374,0.4016339999999999,0.3002819999999999
244684,EnBiSys,2023-01-14 01:39:22.044692+00:00,0.175066,0.22538,0.131332,-0.56123,0.030648,2.943918,0.291588,0.164386,3.829805,0.3793329999999999,0.2138529999999999,-0.1064269999999999,-0.115347,-0.03618353,-3.042723,0.013611,2.938509,0.3081059999999999,0.249148,3.37304,0.355958,0.286088
243215,CropEnthusiast,2023-01-04 18:18:17.596821+00:00,-0.005789,-0.119876,-0.001818,-0.355885,3.4e-05,2.995199,0.296667,0.167249,3.569067,0.353507,0.199293,0.001029,-0.051463,-0.008263584,-2.482913,0.005029,2.964277,0.3116419999999999,0.2467969999999999,3.379364,0.3573439999999999,0.28243
243208,phenomaize,2023-01-04 16:42:05.137526+00:00,0.4897759999999999,0.512268,0.2246269999999999,-0.3626429999999999,0.23988,3.023554,0.299476,0.168833,3.57795,0.354387,0.1997889999999999,-0.081195,-0.092877,-0.02720847,-2.632704,0.015772,2.985973,0.298885,0.2457419999999999,3.395491,0.343986,0.2807939999999999
243449,cropmodel,2023-01-06 01:03:00.329890+00:00,-0.166325,-0.143023,-0.073707,-0.374414,0.027664,2.923378,0.289553,0.163239,3.59337,0.355914,0.200651,0.056702,0.02884,0.008575322,-3.185081,0.009228,3.006381,0.341388,0.27034,3.397263,0.3831809999999999,0.3027759999999999
244793,EnBiSys,2023-01-14 18:25:23.315849+00:00,-0.023656,-0.040273,-0.011755,-0.8693159999999999,0.00056,3.360385,0.332838,0.187641,4.19068,0.4150769999999999,0.2340039999999999,0.183423,0.081025,0.03115192,-4.665457,0.046547,3.414436,0.420713,0.31374,3.839375,0.4639769999999999,0.3480159999999999
244902,gartybois,2023-01-15 16:47:07.912229+00:00,-0.003818,-0.015435,-0.003681,-1.161944,1.5e-05,3.512407,0.347895,0.19613,4.50677,0.446384,0.2516539999999999,0.043252,0.024199,0.01974224,-4.668615,0.00468,3.487145,0.37118,0.2965539999999999,3.923297,0.417793,0.332828
244891,gartybois,2023-01-15 15:16:29.441915+00:00,-0.025972,-0.021199,-0.033457,-2.283035,0.000675,4.313586,0.42725,0.240867,5.55368,0.5500779999999998,0.310113,0.040375,0.028519,0.01861706,-8.587159,0.004158,4.167545,0.43678,0.3574229999999999,4.586812,0.481792,0.39229
242520,CropsAreCool,2022-12-29 16:53:58.467076+00:00,0.040711,0.08215,0.023711,-2.98033,0.001657,5.406576,0.5355079999999999,0.301898,6.115087,0.605684,0.341461,-0.103092,-0.048988,-0.0776431,-9.464618,0.02264,5.361337,0.525287,0.4409359999999999,5.74935,0.569034,0.474159
242521,CropsAreCool,2022-12-29 17:12:47.896297+00:00,-0.1749729999999999,-0.2121109999999999,-0.087535,-3.251751,0.030616,5.498223,0.544586,0.307016,6.320145,0.6259949999999999,0.3529109999999999,-0.1253249999999999,-0.045046,-0.08536459,-9.353326,0.026742,5.401627,0.5180569999999999,0.4310709999999999,5.773193,0.558784,0.4625279999999999
244837,TinyAfrica,2023-01-15 06:57:07.629086+00:00,0.1154879999999999,0.2225469999999999,0.4265419999999999,-18.9677,0.013338,8.310768,0.823161,0.4640659999999999,13.696423,1.356597,0.764796,0.053141,0.09586,0.1179066,-57.531827,0.013782,8.477648,0.955532,0.739117,10.465527,1.173,0.922091
